Posting Date,Day of the Week,Amount,Category,Description,Source,user_id
8/4/2018,Saturday,-117.89,Groceries,Chase Debit Card,,
8/4/2018,Saturday,-34.27,Merchandise,Makeup/Skin Care,Chase Debit Card,
8/4/2018,Saturday,-21.59,Merchandise,Amazon,Chase Debit Card,
8/5/2018,Sunday,-10.79,Merchandise,Amazon,Chase Debit Card,
8/10/2018,Friday,-30.78,Merchandise,Amazon,Chase Debit Card,
8/11/2018,Saturday,-34.76,Merchandise,Clothes,Chase Debit Card,
8/12/2018,Sunday,-12.54,Merchandise,Amazon,Chase Debit Card,
8/15/2018,Wednesday,-9.98,Merchandise,Amazon,Chase Debit Card,
8/16/2018,Thursday,2500,Wire Transfer,Chase Debit Card,,
8/24/2018,Friday,-70,Travel,Chase Debit Card,,
8/29/2018,Wednesday,-75.06,Merchandise,Makeup/Skin Care,Chase Debit Card,
8/31/2018,Friday,-107,Groceries,Chase Debit Card,,
9/4/2018,Tuesday,-1360,Bills,Rent,Chase Debit Card,
9/10/2018,Monday,-122.52,Groceries,Chase Debit Card,,
9/10/2018,Monday,-50,Groceries,Chase Debit Card,,
9/19/2018,Wednesday,-21.6,Merchandise,Best Buy,Discover Credit Card,
9/22/2018,Saturday,-16.19,Merchandise,Best Buy,Discover Credit Card,
9/24/2018,Monday,-46.5,Groceries,Chase Debit Card,,
9/28/2018,Friday,-84.77,Groceries,Chase Debit Card,,
10/1/2018,Monday,-1380,Bills,Rent,Chase Debit Card,
10/1/2018,Monday,-9.1,Pharmacy,Chase Debit Card,,
10/1/2018,Monday,-7.72,Food,Chase Debit Card,,
10/1/2018,Monday,113.54,Wire Transfer,Chase Debit Card,,
10/2/2018,Tuesday,-55.1,Merchandise,Clothes,Chase Debit Card,
10/2/2018,Tuesday,-36.38,Merchandise,Clothes,Chase Debit Card,
10/3/2018,Wednesday,-23.8,Merchandise,Amazon,Chase Debit Card,
10/4/2018,Thursday,-20,Groceries,Chase Debit Card,,
10/4/2018,Thursday,-15,Wire Transfer,Chase Debit Card,,
10/4/2018,Thursday,7700,Wire Transfer,Chase Debit Card,,
10/5/2018,Friday,-14.99,Merchandise,Amazon,Chase Debit Card,
10/5/2018,Friday,-7.6,Uber/Lyft,Chase Debit Card,,
10/6/2018,Saturday,-9.8,Merchandise,Best Buy,Discover Credit Card,
10/9/2018,Tuesday,-19.33,Food,Chase Debit Card,,
10/9/2018,Tuesday,-15,Wire Transfer,Chase Debit Card,,
10/9/2018,Tuesday,-7.6,Uber/Lyft,Chase Debit Card,,
10/9/2018,Tuesday,151.48,Direct Deposit,Chase Debit Card,,
10/9/2018,Tuesday,19460,Tuition,Chase Debit Card,,
10/10/2018,Wednesday,-80.81,Groceries,Chase Debit Card,,
10/10/2018,Wednesday,-35.34,Groceries,Chase Debit Card,,
10/10/2018,Wednesday,-9.99,Merchandise,Amazon,Chase Debit Card,
10/10/2018,Wednesday,-1.62,Merchandise,Amazon,Chase Debit Card,
10/11/2018,Thursday,-89.43,Groceries,Chase Debit Card,,
10/12/2018,Friday,-15.1,Food,Chase Debit Card,,
10/12/2018,Friday,-7.48,Merchandise,Amazon,Chase Debit Card,
10/12/2018,Friday,-7.4,Merchandise,Amazon,Chase Debit Card,
10/12/2018,Friday,27.95,Direct Deposit,Chase Debit Card,,
10/14/2018,Sunday,-21.59,Merchandise,Best Buy,Discover Credit Card,
10/16/2018,Tuesday,-16109.88,Tuition,Chase Debit Card,,
10/16/2018,Tuesday,-34.87,Groceries,Chase Debit Card,,
10/17/2018,Wednesday,-44.03,Merchandise,Clothes,Chase Debit Card,
10/17/2018,Wednesday,-24.95,Merchandise,Clothes,Chase Debit Card,
10/18/2018,Thursday,-283.92,Merchandise,Clothes,Chase Debit Card,
10/18/2018,Thursday,-27.81,Merchandise,Amazon,Chase Debit Card,
10/18/2018,Thursday,-25.99,Merchandise,Amazon,Chase Debit Card,
10/18/2018,Thursday,167.2,Direct Deposit,Chase Debit Card,,
10/19/2018,Friday,-32.5,Merchandise,Amazon,Chase Debit Card,
10/19/2018,Friday,-10.13,Merchandise,Amazon,Chase Debit Card,
10/19/2018,Friday,-8.72,Merchandise,Amazon,Chase Debit Card,
10/19/2018,Friday,-7.84,Uber/Lyft,Chase Debit Card,,
10/22/2018,Monday,-40.25,Merchandise,Clothes,Chase Debit Card,
10/22/2018,Monday,-39.3,Groceries,Chase Debit Card,,
10/22/2018,Monday,-27.56,Merchandise,Clothes,Chase Debit Card,
10/22/2018,Monday,-25.99,Merchandise,Clothes,Chase Debit Card,
10/22/2018,Monday,-18.22,Merchandise,Clothes,Chase Debit Card,
10/22/2018,Monday,-16.99,Pharmacy,Chase Debit Card,,
10/22/2018,Monday,-13.25,Merchandise,Amazon,Chase Debit Card,
10/22/2018,Monday,-11.42,Merchandise,Clothes,Chase Debit Card,
10/22/2018,Monday,-10.8,Food,Chase Debit Card,,
10/22/2018,Monday,-10.39,Merchandise,Clothes,Chase Debit Card,
10/23/2018,Tuesday,-242.25,Merchandise,Clothes,Chase Debit Card,
10/23/2018,Tuesday,-43.84,Merchandise,Clothes,Chase Debit Card,
10/23/2018,Tuesday,-10.95,Merchandise,Best Buy,Discover Credit Card,
10/24/2018,Wednesday,-12.34,Merchandise,Amazon,Chase Debit Card,
10/25/2018,Thursday,-7.69,Pharmacy,Chase Debit Card,,
10/25/2018,Thursday,161.66,Direct Deposit,Chase Debit Card,,
10/26/2018,Friday,-12.99,Merchandise,Best Buy,Discover Credit Card,
10/29/2018,Monday,-25.11,Food,Chase Debit Card,,
10/29/2018,Monday,-19.76,Merchandise,Amazon,Chase Debit Card,
10/29/2018,Monday,-19.44,Uber/Lyft,Chase Debit Card,,
10/29/2018,Monday,-16.74,Merchandise,Amazon,Chase Debit Card,
10/29/2018,Monday,-8.64,Food,Chase Debit Card,,
10/29/2018,Monday,-3.09,Pharmacy,Chase Debit Card,,
10/30/2018,Tuesday,-176.47,Groceries,Chase Debit Card,,
10/30/2018,Tuesday,7.01,Groceries,Chase Debit Card,,
10/31/2018,Wednesday,-129.51,Groceries,Chase Debit Card,,
10/31/2018,Wednesday,-40.07,Groceries,Chase Debit Card,,
10/31/2018,Wednesday,-18.25,Food,Chase Debit Card,,
10/31/2018,Wednesday,-8.91,Food,Chase Debit Card,,
11/1/2018,Thursday,-27.48,Merchandise,Amazon,Chase Debit Card,
11/1/2018,Thursday,-3.34,Food,Coffee,Chase Debit Card,
11/1/2018,Thursday,-1,Groceries,Chase Debit Card,,
11/1/2018,Thursday,137.62,Direct Deposit,Chase Debit Card,,
11/2/2018,Friday,-1360,Bills,Rent,Chase Debit Card,
11/2/2018,Friday,-1.95,Bills,Rent,Chase Debit Card,
11/5/2018,Monday,-21.33,Merchandise,Amazon,Chase Debit Card,
11/5/2018,Monday,-17.53,Merchandise,Amazon,Chase Debit Card,
11/5/2018,Monday,-2.48,Merchandise,Amazon,Chase Debit Card,
11/6/2018,Tuesday,-40.11,Groceries,Chase Debit Card,,
11/7/2018,Wednesday,-62.39,Merchandise,Amazon,Chase Debit Card,
11/8/2018,Thursday,-141.42,Groceries,Chase Debit Card,,
11/8/2018,Thursday,-32.2,Groceries,Chase Debit Card,,
11/8/2018,Thursday,-6.48,Food,Chase Debit Card,,
11/8/2018,Thursday,197.71,Direct Deposit,Chase Debit Card,,
11/14/2018,Wednesday,-51.79,Groceries,Chase Debit Card,,
11/16/2018,Friday,-2.15,Food,Coffee,Chase Debit Card,
11/16/2018,Friday,187.55,Direct Deposit,Chase Debit Card,,
11/19/2018,Monday,-15.99,Merchandise,Amazon,Chase Debit Card,
11/21/2018,Wednesday,-47.84,Groceries,Chase Debit Card,,
11/21/2018,Wednesday,-43.19,Merchandise,Best Buy,Discover Credit Card,
11/23/2018,Friday,-1036.79,Merchandise,Best Buy,Chase Debit Card,
11/23/2018,Friday,-96.8,Merchandise,Clothes,Discover Credit Card,
11/23/2018,Friday,-32.92,Merchandise,Best Buy,Discover Credit Card,
11/23/2018,Friday,-9.71,Merchandise,Best Buy,Discover Credit Card,
11/23/2018,Friday,-8.98,Merchandise,Amazon,Discover Credit Card,
11/23/2018,Friday,-7.99,Merchandise,Amazon,Discover Credit Card,
11/23/2018,Friday,-7.99,Merchandise,Amazon,Discover Credit Card,
11/23/2018,Friday,31.13,Direct Deposit,Chase Debit Card,,
11/24/2018,Saturday,-10.79,Merchandise,Best Buy,Discover Credit Card,
11/25/2018,Sunday,-18.35,Merchandise,Best Buy,Discover Credit Card,
11/25/2018,Sunday,-17.26,Merchandise,Amazon,Discover Credit Card,
11/26/2018,Monday,-9.95,Merchandise,Amazon,Chase Debit Card,
11/27/2018,Tuesday,-7.49,Merchandise,Amazon,Discover Credit Card,
11/28/2018,Wednesday,-140.39,Merchandise,Amazon,Discover Credit Card,
11/28/2018,Wednesday,-32.39,Merchandise,Best Buy,Discover Credit Card,
11/28/2018,Wednesday,-11.98,Merchandise,Amazon,Discover Credit Card,
11/28/2018,Wednesday,37.63,Direct Deposit,Chase Debit Card,,
11/28/2018,Wednesday,194.01,Direct Deposit,Chase Debit Card,,
11/29/2018,Thursday,-500,Tuition,Chase Debit Card,,
11/29/2018,Thursday,-110,Merchandise,Best Buy,Discover Credit Card,
11/29/2018,Thursday,-40,Wire Transfer,Chase Debit Card,,
11/29/2018,Thursday,-21.49,Food,Discover Credit Card,,
11/29/2018,Thursday,-8.63,Merchandise,Amazon,Discover Credit Card,
11/29/2018,Thursday,-5.93,Merchandise,Amazon,Discover Credit Card,
11/30/2018,Friday,-16.19,Merchandise,Best Buy,Discover Credit Card,
11/30/2018,Friday,-8.37,Food,Chase Debit Card,,
11/30/2018,Friday,2.25,Merchandise,Amazon,Chase Debit Card,
12/2/2018,Sunday,-33.79,Merchandise,Amazon,Discover Credit Card,
12/2/2018,Sunday,-5.99,Merchandise,Amazon,Discover Credit Card,
12/2/2018,Sunday,-1.55,Merchandise,Amazon,Discover Credit Card,
12/3/2018,Monday,-1360,Bills,Rent,Chase Debit Card,
12/3/2018,Monday,-35.98,Merchandise,Amazon,Discover Credit Card,
12/3/2018,Monday,-0.99,Entertainment,Chase Debit Card,,
12/4/2018,Tuesday,-27.25,Bills,Rent,Chase Debit Card,
12/4/2018,Tuesday,-22.99,Merchandise,Amazon,Discover Credit Card,
12/4/2018,Tuesday,-16.08,Merchandise,Amazon,Discover Credit Card,
12/4/2018,Tuesday,-1.95,Bills,Rent,Chase Debit Card,
12/5/2018,Wednesday,-66.56,Groceries,Discover Credit Card,,
12/6/2018,Thursday,96.41,Direct Deposit,Chase Debit Card,,
12/7/2018,Friday,-22.98,Merchandise,Amazon,Discover Credit Card,
12/7/2018,Friday,2.25,Merchandise,Amazon,Chase Debit Card,
12/9/2018,Sunday,-9.29,Merchandise,Amazon,Discover Credit Card,
12/10/2018,Monday,-18.87,Groceries,Discover Credit Card,,
12/10/2018,Monday,258.17,Direct Deposit,Chase Debit Card,,
12/11/2018,Tuesday,-106.75,Groceries,Chase Debit Card,,
12/11/2018,Tuesday,7500,Wire Transfer,Chase Debit Card,,
12/11/2018,Tuesday,-15,Wire Transfer,Chase Debit Card,,
12/12/2018,Wednesday,218.85,Direct Deposit,Chase Debit Card,,
12/13/2018,Thursday,-23.99,Merchandise,Amazon,Discover Credit Card,
12/13/2018,Thursday,-9.95,Merchandise,Amazon,Discover Credit Card,
12/13/2018,Thursday,-4.11,Merchandise,Amazon,Discover Credit Card,
12/14/2018,Friday,-35.92,Groceries,Chase Debit Card,,
12/14/2018,Friday,-0.99,Entertainment,Discover Credit Card,,
12/14/2018,Friday,-0.99,Entertainment,Chase Debit Card,,
12/15/2018,Saturday,-19.2,Merchandise,Amazon,Discover Credit Card,
12/16/2018,Sunday,-5.4,Merchandise,Best Buy,Discover Credit Card,
12/16/2018,Sunday,-4.85,Food,Discover Credit Card,,
12/18/2018,Tuesday,-151,Travel,Chase Debit Card,,
12/18/2018,Tuesday,-15.12,Merchandise,Amazon,Discover Credit Card,
12/19/2018,Wednesday,-2760,Bills,Rent,Chase Debit Card,
12/19/2018,Wednesday,-53.82,Groceries,Discover Credit Card,,
12/19/2018,Wednesday,-40,Wire Transfer,Chase Debit Card,,
12/19/2018,Wednesday,-1.95,Bills,Rent,Chase Debit Card,
12/19/2018,Wednesday,218.85,Direct Deposit,Chase Debit Card,,
12/20/2018,Thursday,-14.68,Merchandise,Amazon,Discover Credit Card,
12/21/2018,Friday,-6.75,Travel,Discover Credit Card,,
12/22/2018,Saturday,-27,Food,Discover Credit Card,,
12/22/2018,Saturday,-21.95,Travel,Discover Credit Card,,
12/22/2018,Saturday,-10.87,Travel,Discover Credit Card,,
12/22/2018,Saturday,-8.17,Merchandise,Clothes,Discover Credit Card,
12/23/2018,Sunday,-56.56,Merchandise,Clothes,Discover Credit Card,
12/23/2018,Sunday,-48.2,Travel,Discover Credit Card,,
12/23/2018,Sunday,-40.5,Food,Discover Credit Card,,
12/23/2018,Sunday,-7,Travel,Discover Credit Card,,
12/23/2018,Sunday,-5.3,Merchandise,Amazon,Discover Credit Card,
12/23/2018,Sunday,-3.56,Merchandise,Clothes,Discover Credit Card,
12/24/2018,Monday,-30,Travel,Discover Credit Card,,
12/24/2018,Monday,-21.79,Groceries,Chase Debit Card,,
12/24/2018,Monday,-20,Other,Chase Debit Card,,
12/24/2018,Monday,-5.32,Travel,Discover Credit Card,,
12/26/2018,Wednesday,-78.42,Merchandise,Amazon,Discover Credit Card,
12/26/2018,Wednesday,-40,Wire Transfer,Chase Debit Card,,
12/26/2018,Wednesday,209.48,Direct Deposit,Chase Debit Card,,
12/28/2018,Friday,-28,Groceries,Discover Credit Card,,
12/28/2018,Friday,-8.91,Food,Discover Credit Card,,
12/29/2018,Saturday,-48.88,Merchandise,Clothes,Discover Credit Card,
12/29/2018,Saturday,-3.24,Food,Discover Credit Card,,
12/29/2018,Saturday,-3.19,Food,Starbucks,Discover Credit Card,
12/29/2018,Saturday,34.68,Bills,Credit Card,Discover Credit Card,
12/30/2018,Sunday,-11.56,Merchandise,Amazon,Discover Credit Card,
12/31/2018,Monday,-106.31,Groceries,Discover Credit Card,,
12/31/2018,Monday,-47.4,Merchandise,Clothes,Discover Credit Card,
12/31/2018,Monday,-29.97,Groceries,Chase Debit Card,,
12/31/2018,Monday,-24.24,Groceries,Discover Credit Card,,
12/31/2018,Monday,-2.59,Merchandise,Amazon,Discover Credit Card,
1/1/2019,Tuesday,-16.2,Merchandise,Makeup/Skin Care,Discover Credit Card,
1/2/2019,Wednesday,-72.05,Merchandise,Clothes,Discover Credit Card,
1/2/2019,Wednesday,-45.83,Merchandise,Makeup/Skin Care,Discover Credit Card,
1/2/2019,Wednesday,-43.58,Merchandise,Makeup/Skin Care,Discover Credit Card,
1/2/2019,Wednesday,-11.74,Merchandise,Amazon,Discover Credit Card,
1/2/2019,Wednesday,-9.35,Merchandise,Clothes,Discover Credit Card,
1/3/2019,Thursday,-34.7,Groceries,Chase Debit Card,,
1/3/2019,Thursday,-31.11,Merchandise,Amazon,Discover Credit Card,
1/3/2019,Thursday,-9.99,Merchandise,Amazon,Discover Credit Card,
1/3/2019,Thursday,-4.2,Food,Discover Credit Card,,
1/3/2019,Thursday,-3.78,Food,Discover Credit Card,,
1/5/2019,Saturday,-17.17,Food,Discover Credit Card,,
1/5/2019,Saturday,-10,Food,Discover Credit Card,,
1/5/2019,Saturday,-8.59,Food,Discover Credit Card,,
1/7/2019,Monday,-460.8,Travel,Chase Debit Card,,
1/7/2019,Monday,-10.79,Merchandise,Amazon,Discover Credit Card,
1/8/2019,Tuesday,-117.27,Merchandise,Makeup/Skin Care,Discover Credit Card,
1/8/2019,Tuesday,-100,Travel,Chase Debit Card,,
1/8/2019,Tuesday,-52.52,Merchandise,Clothes,Discover Credit Card,
1/8/2019,Tuesday,-44.19,Groceries,Chase Debit Card,,
1/8/2019,Tuesday,-28.05,Merchandise,Clothes,Discover Credit Card,
1/8/2019,Tuesday,-17.52,Uber/Lyft,Chase Debit Card,,
1/8/2019,Tuesday,-13.51,Merchandise,Clothes,Discover Credit Card,
1/8/2019,Tuesday,-9.99,Tuition,Discover Credit Card,,
1/8/2019,Tuesday,-7.75,Merchandise,Clothes,Discover Credit Card,
1/8/2019,Tuesday,-3.51,Food,Starbucks,Discover Credit Card,
1/9/2019,Wednesday,-17,Food,Discover Credit Card,,
1/9/2019,Wednesday,-9.66,Uber/Lyft,Chase Debit Card,,
1/9/2019,Wednesday,-2.16,Food,Discover Credit Card,,
1/9/2019,Wednesday,50.96,Direct Deposit,Chase Debit Card,,
1/10/2019,Thursday,-9.14,Uber/Lyft,Chase Debit Card,,
1/11/2019,Friday,-44.4,Bills,Phone,Chase Debit Card,
1/11/2019,Friday,-8.03,Uber/Lyft,Chase Debit Card,,
1/11/2019,Friday,13.99,Merchandise,Amazon,Chase Debit Card,
1/13/2019,Sunday,-24.98,Merchandise,Amazon,Discover Credit Card,
1/14/2019,Monday,-372.59,Merchandise,Best Buy,Discover Credit Card,
1/14/2019,Monday,101,Direct Deposit,Chase Debit Card,,
1/15/2019,Tuesday,-34.99,Groceries,Chase Debit Card,,
1/15/2019,Tuesday,-21.01,Food,Discover Credit Card,,
1/15/2019,Tuesday,-7.99,Merchandise,Amazon,Discover Credit Card,
1/16/2019,Wednesday,-20.6,Merchandise,Amazon,Discover Credit Card,
1/17/2019,Thursday,-1.64,Other,Discover Credit Card,,
1/18/2019,Friday,-18.07,Food,Discover Credit Card,,
1/18/2019,Friday,-7.6,Uber/Lyft,Chase Debit Card,,
1/20/2019,Sunday,-102.59,Merchandise,Best Buy,Discover Credit Card,
1/20/2019,Sunday,-10.57,Food,Discover Credit Card,,
1/20/2019,Sunday,-3.01,Food,Discover Credit Card,,
1/22/2019,Tuesday,-72.08,Merchandise,Clothes,Chase Debit Card,
1/22/2019,Tuesday,-60.57,Groceries,Chase Debit Card,,
1/22/2019,Tuesday,-10.99,Entertainment,Chase Debit Card,,
1/23/2019,Wednesday,-14.42,Merchandise,Amazon,Discover Credit Card,
1/23/2019,Wednesday,27.86,Direct Deposit,Chase Debit Card,,
1/23/2019,Wednesday,83.58,Direct Deposit,M&T Debit Card,,
1/24/2019,Thursday,-10.23,Uber/Lyft,Chase Debit Card,,
1/24/2019,Thursday,9.95,Merchandise,Amazon,Chase Debit Card,
1/25/2019,Friday,-2.43,Food,Discover Credit Card,,
1/25/2019,Friday,11.74,Merchandise,Amazon,Discover Credit Card,
1/28/2019,Monday,-53.55,Groceries,Chase Debit Card,,
1/28/2019,Monday,-7.88,Merchandise,Amazon,Discover Credit Card,
1/28/2019,Monday,-7.6,Uber/Lyft,Chase Debit Card,,
1/29/2019,Tuesday,-10.68,Food,Chase Debit Card,,
1/29/2019,Tuesday,-10.25,Food,M&T Debit Card,,
1/29/2019,Tuesday,14.77,Bills,Credit Card,Discover Credit Card,
1/30/2019,Wednesday,42.1,Direct Deposit,Chase Debit Card,,
1/30/2019,Wednesday,126.3,Direct Deposit,M&T Debit Card,,
2/1/2019,Friday,-25,Food,Super Card,Chase Debit Card,
2/4/2019,Monday,-144.04,Groceries,Chase Debit Card,,
2/4/2019,Monday,-17.98,Groceries,Discover Credit Card,,
2/5/2019,Tuesday,-60.66,Groceries,Chase Debit Card,,
2/6/2019,Wednesday,-17.01,Food,Chase Debit Card,,
2/6/2019,Wednesday,-7.35,Groceries,Chase Debit Card,,
2/6/2019,Wednesday,46.85,Direct Deposit,Chase Debit Card,,
2/6/2019,Wednesday,140.56,Direct Deposit,M&T Debit Card,,
2/9/2019,Saturday,-23.17,Merchandise,Makeup/Skin Care,Discover Credit Card,
2/9/2019,Saturday,-17,Entertainment,Discover Credit Card,,
2/9/2019,Saturday,-3.23,Merchandise,Best Buy,Discover Credit Card,
2/11/2019,Monday,-44.4,Bills,Phone,Chase Debit Card,
2/11/2019,Monday,-43.98,Merchandise,Amazon,Discover Credit Card,
2/11/2019,Monday,-10.28,Uber/Lyft,Chase Debit Card,,
2/11/2019,Monday,-10.08,Uber/Lyft,Chase Debit Card,,
2/11/2019,Monday,-4.99,Entertainment,Discover Credit Card,,
2/12/2019,Tuesday,-37.33,Groceries,Chase Debit Card,,
2/13/2019,Wednesday,-25,Food,Super Card,Chase Debit Card,
2/13/2019,Wednesday,55.43,Direct Deposit,Chase Debit Card,,
2/13/2019,Wednesday,166.29,Direct Deposit,M&T Debit Card,,
2/14/2019,Thursday,100,Direct Deposit,M&T Debit Card,,
2/15/2019,Friday,-8.1,Food,Chase Debit Card,,
2/15/2019,Friday,-6,Entertainment,M&T Debit Card,,
2/17/2019,Sunday,-34.19,Merchandise,Amazon,Discover Credit Card,
2/17/2019,Sunday,-12.85,Merchandise,Amazon,Discover Credit Card,
2/19/2019,Tuesday,-49.09,Groceries,Chase Debit Card,,
2/19/2019,Tuesday,-45.61,Groceries,Chase Debit Card,,
2/19/2019,Tuesday,-30,Food,Chase Debit Card,,
2/19/2019,Tuesday,5050,Wire Transfer,Chase Debit Card,,
2/20/2019,Wednesday,39.06,Direct Deposit,Chase Debit Card,,
2/20/2019,Wednesday,117.18,Direct Deposit,M&T Debit Card,,
2/22/2019,Friday,-31.04,Food,Chase Debit Card,,
2/22/2019,Friday,-10.99,Entertainment,Chase Debit Card,,
2/26/2019,Tuesday,-35.11,Groceries,Chase Debit Card,,
2/27/2019,Wednesday,-10.52,Food,Chase Debit Card,,
2/27/2019,Wednesday,10.44,Direct Deposit,Chase Debit Card,,
2/27/2019,Wednesday,31.32,Direct Deposit,M&T Debit Card,,
2/28/2019,Thursday,-25,Food,Super Card,Chase Debit Card,
2/28/2019,Thursday,1.65,Bills,Credit Card,Discover Credit Card,
3/1/2019,Friday,-13,Merchandise,Amazon,Discover Credit Card,
3/1/2019,Friday,-8.63,Food,M&T Debit Card,,
3/1/2019,Friday,-6.37,Food,Coffee,Discover Credit Card,
3/1/2019,Friday,29.34,Merchandise,Amazon,Chase Debit Card,
3/4/2019,Monday,-2730,Bills,Rent,Chase Debit Card,
3/4/2019,Monday,-99,Groceries,Chase Debit Card,,
3/4/2019,Monday,-55,Groceries,Chase Debit Card,,
3/4/2019,Monday,-15,Wire Transfer,Chase Debit Card,,
3/4/2019,Monday,-1.95,Bills,Rent,Chase Debit Card,
3/4/2019,Monday,20950,Tuition,Chase Debit Card,,
3/6/2019,Wednesday,10.73,Direct Deposit,Chase Debit Card,,
3/6/2019,Wednesday,32.19,Direct Deposit,M&T Debit Card,,
3/7/2019,Thursday,-25,Food,Super Card,Chase Debit Card,
3/7/2019,Thursday,-7.14,Uber/Lyft,Chase Debit Card,,
3/7/2019,Thursday,10,Merchandise,Amazon,Chase Debit Card,
3/8/2019,Friday,-51.76,Merchandise,Makeup/Skin Care,Discover Credit Card,
3/8/2019,Friday,-45,Food,Chase Debit Card,,
3/8/2019,Friday,-6.48,Merchandise,Clothes,Discover Credit Card,
3/9/2019,Saturday,-19.99,Merchandise,Amazon,Discover Credit Card,
3/9/2019,Saturday,-5.3,Merchandise,Amazon,Discover Credit Card,
3/11/2019,Monday,-19340,Tuition,Chase Debit Card,,
3/11/2019,Monday,-25,Food,Starbucks,Chase Debit Card,
3/11/2019,Monday,-24.7,Food,M&T Debit Card,,
3/11/2019,Monday,-22.48,Groceries,Chase Debit Card,,
3/11/2019,Monday,-17.98,Groceries,Chase Debit Card,,
3/11/2019,Monday,-10.41,Uber/Lyft,Chase Debit Card,,
3/11/2019,Monday,-8.28,Uber/Lyft,Chase Debit Card,,
3/11/2019,Monday,-6.93,Merchandise,Amazon,Discover Credit Card,
3/11/2019,Monday,-4.99,Entertainment,Discover Credit Card,,
3/11/2019,Monday,5.18,Merchandise,Amazon,Chase Debit Card,
3/12/2019,Tuesday,-44.4,Bills,Phone,Chase Debit Card,
3/13/2019,Wednesday,-9.5,Food,Coffee,M&T Debit Card,
3/13/2019,Wednesday,10.44,Direct Deposit,Chase Debit Card,,
3/13/2019,Wednesday,31.32,Direct Deposit,M&T Debit Card,,
3/14/2019,Thursday,-47.59,Groceries,Chase Debit Card,,
3/14/2019,Thursday,-10.8,Merchandise,Makeup/Skin Care,M&T Debit Card,
3/14/2019,Thursday,-10.75,Food,M&T Debit Card,,
3/16/2019,Saturday,-15.1,Food,Discover Credit Card,,
3/17/2019,Sunday,7.99,Merchandise,Amazon,Discover Credit Card,
3/18/2019,Monday,-64.8,Entertainment,Chase Debit Card,,
3/18/2019,Monday,-46.53,Groceries,Chase Debit Card,,
3/18/2019,Monday,-18.72,Groceries,Chase Debit Card,,
3/18/2019,Monday,-6.41,Uber/Lyft,Chase Debit Card,,
3/18/2019,Monday,0.76,Groceries,Chase Debit Card,,
3/18/2019,Monday,6.3,Entertainment,Chase Debit Card,,
3/18/2019,Monday,21.6,Entertainment,Chase Debit Card,,
3/19/2019,Tuesday,-39.65,Groceries,Chase Debit Card,,
3/19/2019,Tuesday,-36.67,Food,Chase Debit Card,,
3/19/2019,Tuesday,-8.23,Uber/Lyft,Chase Debit Card,,
3/20/2019,Wednesday,-5.99,Merchandise,Amazon,Discover Credit Card,
3/22/2019,Friday,-25,Food,Super Card,Chase Debit Card,
3/22/2019,Friday,-15.6,Merchandise,Amazon,Discover Credit Card,
3/22/2019,Friday,-12.99,Entertainment,Chase Debit Card,,
3/22/2019,Friday,-10.8,Merchandise,Sub Box,M&T Debit Card,
3/22/2019,Friday,-5.84,Merchandise,Makeup/Skin Care,M&T Debit Card,
3/22/2019,Friday,-5.44,Pharmacy,Discover Credit Card,,
3/25/2019,Monday,-25,Food,Super Card,Chase Debit Card,
3/25/2019,Monday,-19.43,Food,Chase Debit Card,,
3/25/2019,Monday,-12.41,Food,Discover Credit Card,,
3/25/2019,Monday,-8.6,Uber/Lyft,Chase Debit Card,,
3/25/2019,Monday,-8.4,Food,Discover Credit Card,,
3/25/2019,Monday,-6.78,Uber/Lyft,Chase Debit Card,,
3/25/2019,Monday,-5.32,Uber/Lyft,Chase Debit Card,,
3/26/2019,Tuesday,-7.56,Merchandise,Sub Box,Chase Debit Card,
3/27/2019,Wednesday,11.02,Direct Deposit,Chase Debit Card,,
3/27/2019,Wednesday,33.06,Direct Deposit,M&T Debit Card,,
3/29/2019,Friday,-25,Food,Super Card,Chase Debit Card,
3/29/2019,Friday,-16,Food,Discover Credit Card,,
3/29/2019,Friday,-4.32,Food,Coffee,Discover Credit Card,
3/29/2019,Friday,-2.37,Food,Discover Credit Card,,
4/1/2019,Monday,-90.7,Groceries,Chase Debit Card,,
4/1/2019,Monday,-48.97,Groceries,Chase Debit Card,,
4/1/2019,Monday,-7.24,Uber/Lyft,Chase Debit Card,,
4/1/2019,Monday,-5,Merchandise,Sub Box,M&T Debit Card,
4/2/2019,Tuesday,-5.57,Uber/Lyft,M&T Debit Card,,
4/2/2019,Tuesday,-4.99,Food,M&T Debit Card,,
4/3/2019,Wednesday,-7.34,Uber/Lyft,M&T Debit Card,,
4/3/2019,Wednesday,11.02,Direct Deposit,Chase Debit Card,,
4/3/2019,Wednesday,33.06,Direct Deposit,M&T Debit Card,,
4/4/2019,Thursday,-15,Merchandise,Makeup/Skin Care,M&T Debit Card,
4/4/2019,Thursday,-10.8,Merchandise,Sub Box,M&T Debit Card,
4/4/2019,Thursday,-10.8,Merchandise,Sub Box,M&T Debit Card,
4/4/2019,Thursday,-7.23,Food,Discover Credit Card,,
4/4/2019,Thursday,-0.56,Other,M&T Debit Card,,
4/5/2019,Friday,-52,Entertainment,Chase Debit Card,,
4/5/2019,Friday,-25,Food,Super Card,Chase Debit Card,
4/5/2019,Friday,2.74,Bills,Credit Card,Discover Credit Card,
4/6/2019,Saturday,-22.19,Food,Discover Credit Card,,
4/7/2019,Sunday,-17.26,Food,Discover Credit Card,,
4/7/2019,Sunday,-7.65,Food,Coffee,Discover Credit Card,
4/7/2019,Sunday,-7.37,Groceries,Discover Credit Card,,
4/8/2019,Monday,-13.67,Merchandise,Amazon,Discover Credit Card,
4/8/2019,Monday,-10.8,Merchandise,Makeup/Skin Care,M&T Debit Card,
4/8/2019,Monday,-8.25,Entertainment,Chase Debit Card,,
4/8/2019,Monday,-7.11,Uber/Lyft,Chase Debit Card,,
4/8/2019,Monday,35.95,Direct Deposit,Chase Debit Card,,
4/9/2019,Tuesday,-6.07,Uber/Lyft,Chase Debit Card,,
4/10/2019,Wednesday,-56.66,Groceries,Chase Debit Card,,
4/10/2019,Wednesday,-44.4,Bills,Phone,Chase Debit Card,
4/10/2019,Wednesday,-25,Food,Super Card,Chase Debit Card,
4/10/2019,Wednesday,-17,Food,Discover Credit Card,,
4/10/2019,Wednesday,-5.28,Other,Chase Debit Card,,
4/10/2019,Wednesday,-2.43,Food,Coffee,Discover Credit Card,
4/10/2019,Wednesday,3.95,Merchandise,Amazon,M&T Debit Card,
4/10/2019,Wednesday,14.52,Merchandise,Amazon,M&T Debit Card,
4/12/2019,Friday,-25,Food,Super Card,Chase Debit Card,
4/12/2019,Friday,-24.99,Merchandise,Amazon,Discover Credit Card,
4/15/2019,Monday,-67.91,Groceries,Chase Debit Card,,
4/15/2019,Monday,-25,Food,Starbucks,Chase Debit Card,
4/15/2019,Monday,-25,Food,Super Card,Chase Debit Card,
4/16/2019,Tuesday,-23.73,Food,Discover Credit Card,,
4/16/2019,Tuesday,-7.56,Merchandise,Sub Box,Chase Debit Card,
4/17/2019,Wednesday,-25,Food,Super Card,Chase Debit Card,
4/17/2019,Wednesday,-7.12,Merchandise,Amazon,Discover Credit Card,
4/19/2019,Friday,-25.73,Food,Chase Debit Card,,
4/19/2019,Friday,-13.14,Food,Discover Credit Card,,
4/19/2019,Friday,-7.29,Uber/Lyft,Discover Credit Card,,
4/20/2019,Saturday,-7.29,Uber/Lyft,Discover Credit Card,,
4/21/2019,Sunday,-7.8,Uber/Lyft,Discover Credit Card,,
4/22/2019,Monday,-25.47,Groceries,Chase Debit Card,,
4/22/2019,Monday,-12.99,Entertainment,Chase Debit Card,,
4/22/2019,Monday,-3.72,Entertainment,Chase Debit Card,,
4/23/2019,Tuesday,-25,Food,Super Card,Chase Debit Card,
4/23/2019,Tuesday,-16.74,Food,Discover Credit Card,,
4/24/2019,Wednesday,-19.7,Food,Discover Credit Card,,
4/26/2019,Friday,-48.47,Groceries,Chase Debit Card,,
4/26/2019,Friday,-10,Other,Chase Debit Card,,
4/28/2019,Sunday,-20.78,Food,Discover Credit Card,,
4/28/2019,Sunday,-18.89,Merchandise,Clothes,Discover Credit Card,
4/28/2019,Sunday,-7.29,Uber/Lyft,Discover Credit Card,,
4/28/2019,Sunday,-1.62,Food,Discover Credit Card,,
4/29/2019,Monday,-9.71,Entertainment,Chase Debit Card,,
4/29/2019,Monday,-3.1,Food,Coffee,Chase Debit Card,
4/30/2019,Tuesday,-10.67,Food,Chase Debit Card,,
4/30/2019,Tuesday,-8.99,Groceries,Discover Credit Card,,
4/30/2019,Tuesday,-3.66,Food,Coffee,Discover Credit Card,
4/30/2019,Tuesday,5.4,Merchandise,Clothes,Discover Credit Card,
5/1/2019,Wednesday,-6.47,Food,Chase Debit Card,,
5/2/2019,Thursday,-15.1,Groceries,Chase Debit Card,,
5/3/2019,Friday,-1360,Bills,Rent,Chase Debit Card,
5/3/2019,Friday,-1.95,Bills,Rent,Chase Debit Card,
5/6/2019,Monday,-45.36,Groceries,Chase Debit Card,,
5/6/2019,Monday,-43.73,Groceries,Chase Debit Card,,
5/6/2019,Monday,-25,Food,Super Card,Chase Debit Card,
5/6/2019,Monday,-24.56,Food,Chase Debit Card,,
5/6/2019,Monday,-10.8,Merchandise,Sub Box,M&T Debit Card,
5/6/2019,Monday,-10.8,Merchandise,Sub Box,M&T Debit Card,
5/6/2019,Monday,-10.32,Uber/Lyft,Discover Credit Card,,
5/6/2019,Monday,-8.23,Uber/Lyft,Discover Credit Card,,
5/6/2019,Monday,-6.03,Groceries,Chase Debit Card,,
5/7/2019,Tuesday,-80.48,Groceries,M&T Debit Card,,
5/7/2019,Tuesday,3.56,Bills,Credit Card,Discover Credit Card,
5/9/2019,Thursday,-54.83,Groceries,Chase Debit Card,,
5/10/2019,Friday,-44.4,Bills,Phone,Chase Debit Card,
5/10/2019,Friday,-22,Merchandise,Clothes,Discover Credit Card,
5/10/2019,Friday,-16.19,Merchandise,Makeup/Skin Care,Discover Credit Card,
5/10/2019,Friday,-6.07,Uber/Lyft,Discover Credit Card,,
5/11/2019,Saturday,-24,Food,Discover Credit Card,,
5/11/2019,Saturday,-15.57,Merchandise,Amazon,Discover Credit Card,
5/11/2019,Saturday,-14.52,Merchandise,Amazon,Discover Credit Card,
5/11/2019,Saturday,-9.36,Uber/Lyft,Discover Credit Card,,
5/11/2019,Saturday,-7.15,Uber/Lyft,Discover Credit Card,,
5/13/2019,Monday,2.43,Merchandise,Amazon,Chase Debit Card,
5/13/2019,Monday,60,Direct Deposit,Chase Debit Card,,
5/14/2019,Tuesday,-2,Food,Coffee,Discover Credit Card,
5/15/2019,Wednesday,-18.99,Merchandise,Amazon,Discover Credit Card,
5/15/2019,Wednesday,-7.06,Uber/Lyft,Discover Credit Card,,
5/15/2019,Wednesday,-6.07,Uber/Lyft,Discover Credit Card,,
5/15/2019,Wednesday,136,Bills,Tax Refund,Chase Debit Card,
5/16/2019,Thursday,-9.97,Merchandise,Amazon,Discover Credit Card,
5/16/2019,Thursday,-6.07,Uber/Lyft,Discover Credit Card,,
5/16/2019,Thursday,29.95,Bills,Tax Refund,Chase Debit Card,
5/17/2019,Friday,-55.85,Groceries,Chase Debit Card,,
5/17/2019,Friday,-42.58,Groceries,Chase Debit Card,,
5/17/2019,Friday,-39.99,Pharmacy,Chase Debit Card,,
5/17/2019,Friday,-32.21,Food,Discover Credit Card,,
5/17/2019,Friday,-9.99,Merchandise,Amazon,Discover Credit Card,
5/18/2019,Saturday,-6.07,Uber/Lyft,Discover Credit Card,,
5/19/2019,Sunday,-24.94,Merchandise,Amazon,Discover Credit Card,
5/20/2019,Monday,-22.96,Merchandise,Amazon,Discover Credit Card,
5/20/2019,Monday,-18.98,Merchandise,Amazon,Discover Credit Card,
5/21/2019,Tuesday,-43.38,Merchandise,Makeup/Skin Care,Discover Credit Card,
5/21/2019,Tuesday,-33.43,Merchandise,Best Buy,Discover Credit Card,
5/21/2019,Tuesday,-31.73,Merchandise,Clothes,Discover Credit Card,
5/21/2019,Tuesday,-25.78,Food,Discover Credit Card,,
5/21/2019,Tuesday,-7.56,Merchandise,Makeup/Skin Care,Chase Debit Card,
5/21/2019,Tuesday,-7.38,Uber/Lyft,Discover Credit Card,,
5/22/2019,Wednesday,-12.99,Entertainment,Chase Debit Card,,
5/22/2019,Wednesday,-10.8,Merchandise,Makeup/Skin Care,M&T Debit Card,
5/22/2019,Wednesday,-7.56,Uber/Lyft,Discover Credit Card,,
5/23/2019,Thursday,-7.75,Uber/Lyft,Discover Credit Card,,
5/23/2019,Thursday,-7.75,Uber/Lyft,Discover Credit Card,,
5/23/2019,Thursday,-6.48,Merchandise,Makeup/Skin Care,M&T Debit Card,
5/23/2019,Thursday,-5.49,Merchandise,Amazon,Discover Credit Card,
5/24/2019,Friday,-13.99,Merchandise,Amazon,Discover Credit Card,
5/28/2019,Tuesday,-81,Merchandise,Makeup/Skin Care,M&T Debit Card,
5/28/2019,Tuesday,-54.32,Merchandise,Clothes,M&T Debit Card,
5/28/2019,Tuesday,-52.79,Groceries,Chase Debit Card,,
5/28/2019,Tuesday,9.33,Bills,Credit Card,Discover Credit Card,
5/28/2019,Tuesday,75.6,Merchandise,Makeup/Skin Care,M&T Debit Card,
5/29/2019,Wednesday,-35.22,Groceries,Chase Debit Card,,
5/30/2019,Thursday,-41.41,Groceries,Chase Debit Card,,
5/30/2019,Thursday,-16.99,Merchandise,Amazon,Discover Credit Card,
5/30/2019,Thursday,-7.75,Uber/Lyft,Discover Credit Card,,
5/30/2019,Thursday,-7.75,Uber/Lyft,Discover Credit Card,,
5/30/2019,Thursday,-7.75,Uber/Lyft,Discover Credit Card,,
5/30/2019,Thursday,-7.64,Merchandise,Amazon,Discover Credit Card,
5/31/2019,Friday,-71.8,Merchandise,Amazon,Chase Debit Card,
5/31/2019,Friday,-21.6,Merchandise,Makeup/Skin Care,M&T Debit Card,
5/31/2019,Friday,-16.2,Merchandise,Sub Box,M&T Debit Card,
5/31/2019,Friday,-9.72,Merchandise,Sub Box,M&T Debit Card,
5/31/2019,Friday,-6.5,Merchandise,Sub Box,M&T Debit Card,
6/2/2019,Sunday,-289.67,Merchandise,Best Buy,Discover Credit Card,
6/2/2019,Sunday,-36.89,Food,Discover Credit Card,,
6/2/2019,Sunday,-28.45,Merchandise,Amazon,Discover Credit Card,
6/3/2019,Monday,-57.49,Groceries,Chase Debit Card,,
6/3/2019,Monday,-19.48,Merchandise,Amazon,M&T Debit Card,
6/3/2019,Monday,-9.5,Merchandise,Amazon,M&T Debit Card,
6/3/2019,Monday,-7.56,Merchandise,Amazon,M&T Debit Card,
6/3/2019,Monday,-5.98,Merchandise,Amazon,Discover Credit Card,
6/3/2019,Monday,-4.67,Merchandise,Amazon,M&T Debit Card,
6/3/2019,Monday,-3.7,Merchandise,Amazon,M&T Debit Card,
6/3/2019,Monday,42.17,Direct Deposit,Chase Debit Card,,
6/3/2019,Monday,216.05,Direct Deposit,Chase Debit Card,,
6/4/2019,Tuesday,-26.6,Merchandise,Clothes,Discover Credit Card,
6/4/2019,Tuesday,-8.75,Uber/Lyft,Discover Credit Card,,
6/4/2019,Tuesday,-8.39,Merchandise,Best Buy,Discover Credit Card,
6/4/2019,Tuesday,-7.75,Uber/Lyft,Discover Credit Card,,
6/5/2019,Wednesday,-27.65,Travel,Chase Debit Card,,
6/5/2019,Wednesday,-11.43,Food,Chase Debit Card,,
6/5/2019,Wednesday,-8.86,Uber/Lyft,Discover Credit Card,,
6/5/2019,Wednesday,-7.55,Merchandise,Amazon,Discover Credit Card,
6/5/2019,Wednesday,-5.39,Merchandise,Amazon,Discover Credit Card,
6/5/2019,Wednesday,-5.18,Merchandise,Amazon,Discover Credit Card,
6/5/2019,Wednesday,-2.91,Merchandise,Amazon,Discover Credit Card,
6/6/2019,Thursday,-10.8,Merchandise,Sub Box,M&T Debit Card,
6/6/2019,Thursday,-10.66,Merchandise,Amazon,M&T Debit Card,
6/6/2019,Thursday,-9.61,Merchandise,Amazon,Discover Credit Card,
6/6/2019,Thursday,-7.44,Merchandise,Amazon,Discover Credit Card,
6/6/2019,Thursday,-5,Merchandise,Sub Box,M&T Debit Card,
6/7/2019,Friday,-14.24,Merchandise,Amazon,Chase Debit Card,
6/7/2019,Friday,-10.8,Merchandise,Sub Box,M&T Debit Card,
6/8/2019,Saturday,-56.13,Merchandise,Clothes,Discover Credit Card,
6/10/2019,Monday,-122.56,Groceries,Chase Debit Card,,
6/10/2019,Monday,-46.63,Merchandise,Amazon,M&T Debit Card,
6/10/2019,Monday,-44.4,Bills,Phone,Chase Debit Card,
6/10/2019,Monday,-31.42,Groceries,Chase Debit Card,,
6/10/2019,Monday,-22.24,Merchandise,Amazon,M&T Debit Card,
6/10/2019,Monday,-7.08,Merchandise,Amazon,M&T Debit Card,
6/10/2019,Monday,-2.95,Merchandise,Amazon,Discover Credit Card,
6/10/2019,Monday,-2.16,Merchandise,Amazon,M&T Debit Card,
6/10/2019,Monday,-1.56,Groceries,Chase Debit Card,,
6/10/2019,Monday,0.56,Groceries,Chase Debit Card,,
6/11/2019,Tuesday,-48.84,Groceries,Chase Debit Card,,
6/11/2019,Tuesday,-39.95,Merchandise,Makeup/Skin Care,Chase Debit Card,
6/11/2019,Tuesday,-9.81,Food,Discover Credit Card,,
6/11/2019,Tuesday,-6.32,Merchandise,Amazon,M&T Debit Card,
6/11/2019,Tuesday,-0.76,Merchandise,Amazon,M&T Debit Card,
6/12/2019,Wednesday,-15.66,Merchandise,Makeup/Skin Care,M&T Debit Card,
6/12/2019,Wednesday,-10.8,Merchandise,Sub Box,M&T Debit Card,
6/12/2019,Wednesday,-6.48,Merchandise,Makeup/Skin Care,M&T Debit Card,
6/12/2019,Wednesday,-3.14,Merchandise,Amazon,M&T Debit Card,
6/13/2019,Thursday,-9.73,Uber/Lyft,Discover Credit Card,,
6/13/2019,Thursday,-9.61,Uber/Lyft,Discover Credit Card,,
6/13/2019,Thursday,-3.95,Food,Coffee,M&T Debit Card,
6/14/2019,Friday,-41.5,Other,Driving,Chase Debit Card,
6/14/2019,Friday,-7.83,Uber/Lyft,Discover Credit Card,,
6/14/2019,Friday,20,Bills,Credit Card,Discover Credit Card,
6/17/2019,Monday,-725,Other,Driving,Chase Debit Card,
6/17/2019,Monday,-385,Bills,Rent,Chase Debit Card,
6/17/2019,Monday,-41.4,Groceries,Chase Debit Card,,
6/17/2019,Monday,-35.14,Groceries,Chase Debit Card,,
6/17/2019,Monday,-15.08,Merchandise,Amazon,Discover Credit Card,
6/17/2019,Monday,-11.22,Merchandise,Amazon,Discover Credit Card,
6/17/2019,Monday,-5.59,Merchandise,Amazon,Discover Credit Card,
6/17/2019,Monday,-2.16,Merchandise,Amazon,M&T Debit Card,
6/18/2019,Tuesday,-41.7,Merchandise,Makeup/Skin Care,Discover Credit Card,
6/18/2019,Tuesday,-15,Wire Transfer,Chase Debit Card,,
6/18/2019,Tuesday,5960,Wire Transfer,Chase Debit Card,,
6/19/2019,Wednesday,-6.11,Merchandise,Amazon,Discover Credit Card,
6/19/2019,Wednesday,61.05,Direct Deposit,M&T Debit Card,,
6/20/2019,Thursday,-6.47,Food,Chase Debit Card,,
6/20/2019,Thursday,-1.98,Food,Coffee,Chase Debit Card,
6/21/2019,Friday,-6.48,Merchandise,Amazon,Discover Credit Card,
6/22/2019,Saturday,-9.45,Uber/Lyft,Discover Credit Card,,
6/23/2019,Sunday,-5.08,Merchandise,Amazon,Discover Credit Card,
6/24/2019,Monday,-185,Other,Medical,Discover Credit Card,
6/24/2019,Monday,-53.5,Groceries,Chase Debit Card,,
6/24/2019,Monday,-34.58,Groceries,Chase Debit Card,,
6/24/2019,Monday,-25.94,Merchandise,Amazon,Discover Credit Card,
6/24/2019,Monday,-23.65,Food,Chase Debit Card,,
6/24/2019,Monday,-21.98,Uber/Lyft,Chase Debit Card,,
6/24/2019,Monday,-20.51,Food,Discover Credit Card,,
6/24/2019,Monday,-12.99,Entertainment,Chase Debit Card,,
6/24/2019,Monday,-11.37,Groceries,Chase Debit Card,,
6/24/2019,Monday,-8.64,Merchandise,Amazon,Chase Debit Card,
6/24/2019,Monday,-5.12,Merchandise,Amazon,Discover Credit Card,
6/24/2019,Monday,-4.14,Pharmacy,Chase Debit Card,,
6/24/2019,Monday,18.98,Merchandise,Amazon,Discover Credit Card,
6/25/2019,Tuesday,-15.55,Merchandise,Amazon,Discover Credit Card,
6/26/2019,Wednesday,-80,Groceries,Chase Debit Card,,
6/26/2019,Wednesday,-19.95,Merchandise,Makeup/Skin Care,M&T Debit Card,
6/26/2019,Wednesday,-19.33,Merchandise,Amazon,Discover Credit Card,
6/26/2019,Wednesday,-18.58,Groceries,Chase Debit Card,,
6/26/2019,Wednesday,-12.27,Merchandise,Amazon,Discover Credit Card,
6/26/2019,Wednesday,-7.75,Uber/Lyft,Discover Credit Card,,
6/26/2019,Wednesday,-0.48,Groceries,Chase Debit Card,,
6/26/2019,Wednesday,0.48,Merchandise,Amazon,M&T Debit Card,
6/26/2019,Wednesday,80,Direct Deposit,M&T Debit Card,,
6/26/2019,Wednesday,223.01,Direct Deposit,M&T Debit Card,,
6/27/2019,Thursday,-57.63,Groceries,Chase Debit Card,,
6/28/2019,Friday,-37.19,Merchandise,Makeup/Skin Care,Discover Credit Card,
6/28/2019,Friday,-32.39,Merchandise,Sub Box,M&T Debit Card,
6/28/2019,Friday,-26.54,Food,Discover Credit Card,,
6/28/2019,Friday,-26,Merchandise,Clothes,Discover Credit Card,
6/28/2019,Friday,-10.41,Uber/Lyft,Discover Credit Card,,
6/28/2019,Friday,-6.48,Merchandise,Best Buy,Discover Credit Card,
6/28/2019,Friday,-4.74,Food,Coffee,Discover Credit Card,
6/29/2019,Saturday,-19.43,Merchandise,Amazon,Discover Credit Card,
6/29/2019,Saturday,-5.6,Merchandise,Amazon,Discover Credit Card,
6/30/2019,Sunday,-43.12,Travel,Discover Credit Card,,
6/30/2019,Sunday,-8.22,Food,Coffee,Discover Credit Card,
6/30/2019,Sunday,10.6,Bills,Credit Card,Discover Credit Card,
7/1/2019,Monday,-53.72,Merchandise,Makeup/Skin Care,M&T Debit Card,
7/1/2019,Monday,-50,Travel,Chase Debit Card,,
7/1/2019,Monday,-33.43,Food,Chase Debit Card,,
7/1/2019,Monday,-25,Food,Starbucks,Chase Debit Card,
7/1/2019,Monday,-24.95,Merchandise,Sub Box,M&T Debit Card,
7/1/2019,Monday,-11.59,Travel,Chase Debit Card,,
7/1/2019,Monday,-10.13,Food,Chase Debit Card,,
7/2/2019,Tuesday,-30.24,Travel,Chase Debit Card,,
7/2/2019,Tuesday,-10.4,Merchandise,Makeup/Skin Care,Discover Credit Card,
7/3/2019,Wednesday,-1385.65,Bills,Rent,Chase Debit Card,
7/3/2019,Wednesday,-57.75,Travel,Chase Debit Card,,
7/3/2019,Wednesday,-16.2,Merchandise,Sub Box,M&T Debit Card,
7/3/2019,Wednesday,-1.95,Bills,Rent,Chase Debit Card,
7/3/2019,Wednesday,203.92,Direct Deposit,M&T Debit Card,,
7/4/2019,Thursday,-45.08,Entertainment,Discover Credit Card,,
7/4/2019,Thursday,-7.55,Merchandise,Amazon,Discover Credit Card,
7/5/2019,Friday,-54.01,Groceries,Chase Debit Card,,
7/5/2019,Friday,-27,Merchandise,Makeup/Skin Care,M&T Debit Card,
7/5/2019,Friday,-17.27,Merchandise,Amazon,Discover Credit Card,
7/5/2019,Friday,-16.2,Merchandise,Sub Box,M&T Debit Card,
7/5/2019,Friday,-15.66,Pharmacy,Chase Debit Card,,
7/5/2019,Friday,-15,Merchandise,Sub Box,M&T Debit Card,
7/5/2019,Friday,-6.46,Pharmacy,Discover Credit Card,,
7/5/2019,Friday,-3.12,Pharmacy,Chase Debit Card,,
7/5/2019,Friday,-0.5,Uber/Lyft,M&T Debit Card,,
7/6/2019,Saturday,-33.7,Merchandise,Makeup/Skin Care,Discover Credit Card,
7/7/2019,Sunday,-7.17,Merchandise,Amazon,Discover Credit Card,
7/7/2019,Sunday,-6.87,Food,Discover Credit Card,,
7/7/2019,Sunday,-5.35,Merchandise,Amazon,Discover Credit Card,
7/8/2019,Monday,-148.27,Merchandise,Amazon,Chase Debit Card,
7/8/2019,Monday,-131.23,Groceries,Chase Debit Card,,
7/8/2019,Monday,-43.19,Groceries,Discover Credit Card,,
7/8/2019,Monday,-17.12,Food,Discover Credit Card,,
7/8/2019,Monday,-11.56,Uber/Lyft,Discover Credit Card,,
7/8/2019,Monday,-11.16,Food,Chase Debit Card,,
7/8/2019,Monday,-7.31,Food,Coffee,Chase Debit Card,
7/8/2019,Monday,-5.22,Uber/Lyft,Discover Credit Card,,
7/8/2019,Monday,-3.85,Groceries,Discover Credit Card,,
7/9/2019,Tuesday,-36,Merchandise,Makeup/Skin Care,Discover Credit Card,
7/9/2019,Tuesday,-21.57,Merchandise,Clothes,Discover Credit Card,
7/9/2019,Tuesday,-12.92,Merchandise,Makeup/Skin Care,Discover Credit Card,
7/9/2019,Tuesday,-11.87,Merchandise,Amazon,Discover Credit Card,
7/9/2019,Tuesday,-8.83,Food,Coffee,Discover Credit Card,
7/9/2019,Tuesday,-7.23,Entertainment,Discover Credit Card,,
7/9/2019,Tuesday,-7.01,Food,Coffee,Discover Credit Card,
7/9/2019,Tuesday,-5.4,Merchandise,Makeup/Skin Care,Chase Debit Card,
7/9/2019,Tuesday,-1.93,Merchandise,Amazon,Discover Credit Card,
7/9/2019,Tuesday,-1.61,Food,Discover Credit Card,,
7/9/2019,Tuesday,-0.99,Entertainment,Discover Credit Card,,
7/9/2019,Tuesday,150.49,Bills,Credit Card,Discover Credit Card,
7/10/2019,Wednesday,-203.92,Merchandise,Best Buy,Discover Credit Card,
7/10/2019,Wednesday,-44.4,Bills,Phone,Chase Debit Card,
7/10/2019,Wednesday,-27.1,Merchandise,Makeup/Skin Care,Discover Credit Card,
7/10/2019,Wednesday,-11.91,Uber/Lyft,Discover Credit Card,,
7/10/2019,Wednesday,-9.11,Uber/Lyft,Discover Credit Card,,
7/10/2019,Wednesday,-8.91,Uber/Lyft,Discover Credit Card,,
7/10/2019,Wednesday,-4.8,Food,Discover Credit Card,,
7/10/2019,Wednesday,-2.69,Food,Discover Credit Card,,
7/10/2019,Wednesday,150.49,Direct Deposit,M&T Debit Card,,
7/11/2019,Thursday,-9.85,Uber/Lyft,Discover Credit Card,,
7/12/2019,Friday,-18.9,Food,Discover Credit Card,,
7/12/2019,Friday,-17.23,Merchandise,Amazon,Discover Credit Card,
7/12/2019,Friday,-7.29,Merchandise,Amazon,Discover Credit Card,
7/13/2019,Saturday,-9.74,Merchandise,Amazon,Discover Credit Card,
7/14/2019,Sunday,-29.7,Merchandise,Makeup/Skin Care,Discover Credit Card,
7/14/2019,Sunday,-27.53,Merchandise,Makeup/Skin Care,Discover Credit Card,
7/14/2019,Sunday,-22.36,Food,Discover Credit Card,,
7/14/2019,Sunday,-20.2,Merchandise,Makeup/Skin Care,Discover Credit Card,
7/14/2019,Sunday,-18.36,Merchandise,Amazon,Discover Credit Card,
7/14/2019,Sunday,-11.44,Merchandise,Amazon,Discover Credit Card,
7/14/2019,Sunday,-2.24,Merchandise,Amazon,Discover Credit Card,
7/15/2019,Monday,-269.99,Merchandise,Best Buy,Chase Debit Card,
7/15/2019,Monday,-53.54,Groceries,Chase Debit Card,,
7/15/2019,Monday,-36.12,Merchandise,Amazon,Chase Debit Card,
7/15/2019,Monday,-2.16,Food,Coffee,Discover Credit Card,
7/15/2019,Monday,-2,Food,Coffee,Discover Credit Card,
7/16/2019,Tuesday,-58.96,Merchandise,Amazon,Discover Credit Card,
7/16/2019,Tuesday,-38.01,Merchandise,Amazon,Discover Credit Card,
7/16/2019,Tuesday,-19.16,Food,Discover Credit Card,,
7/16/2019,Tuesday,-16.18,Food,Discover Credit Card,,
7/16/2019,Tuesday,-6.98,Uber/Lyft,Discover Credit Card,,
7/16/2019,Tuesday,-6,Food,Coffee,Discover Credit Card,
7/16/2019,Tuesday,-1.08,Food,Discover Credit Card,,
7/17/2019,Wednesday,-35.26,Groceries,Chase Debit Card,,
7/17/2019,Wednesday,-10.53,Uber/Lyft,Discover Credit Card,,
7/17/2019,Wednesday,-6.98,Uber/Lyft,Discover Credit Card,,
7/17/2019,Wednesday,-1,Food,Coffee,Chase Debit Card,
7/18/2019,Thursday,-28.77,Food,Chase Debit Card,,
7/18/2019,Thursday,-21.59,Merchandise,Amazon,Discover Credit Card,
7/18/2019,Thursday,-5.01,Uber/Lyft,Discover Credit Card,,
7/19/2019,Friday,-17.23,Merchandise,Amazon,Discover Credit Card,
7/19/2019,Friday,-4,Food,Chase Debit Card,,
7/20/2019,Saturday,-9.02,Food,Discover Credit Card,,
7/21/2019,Sunday,-21.5,Merchandise,Best Buy,Discover Credit Card,
7/22/2019,Monday,-72.87,Merchandise,Clothes,Chase Debit Card,
7/22/2019,Monday,-56.35,Merchandise,Best Buy,M&T Debit Card,
7/22/2019,Monday,-41.01,Merchandise,Clothes,Chase Debit Card,
7/22/2019,Monday,-37.8,Other,Driving,Chase Debit Card,
7/22/2019,Monday,-22.68,Merchandise,Sub Box,M&T Debit Card,
7/22/2019,Monday,-21.59,Merchandise,Best Buy,M&T Debit Card,
7/22/2019,Monday,-21.02,Food,Chase Debit Card,,
7/22/2019,Monday,-16.6,Merchandise,Clothes,Chase Debit Card,
7/22/2019,Monday,-15.12,Merchandise,Makeup/Skin Care,Chase Debit Card,
7/22/2019,Monday,-12.99,Entertainment,Chase Debit Card,,
7/22/2019,Monday,-10.8,Merchandise,Clothes,Chase Debit Card,
7/22/2019,Monday,-8.71,Uber/Lyft,Discover Credit Card,,
7/22/2019,Monday,4.32,Merchandise,Makeup/Skin Care,M&T Debit Card,
7/23/2019,Tuesday,-109.73,Groceries,Chase Debit Card,,
7/23/2019,Tuesday,-43.91,Food,Chase Debit Card,,
7/23/2019,Tuesday,-25.13,Food,Chase Debit Card,,
7/23/2019,Tuesday,-5.36,Food,Coffee,Discover Credit Card,
7/23/2019,Tuesday,9.71,Merchandise,Amazon,Discover Credit Card,
7/23/2019,Tuesday,17.27,Merchandise,Amazon,Discover Credit Card,
7/23/2019,Tuesday,19.33,Merchandise,Amazon,Discover Credit Card,
7/24/2019,Wednesday,-11.88,Food,Chase Debit Card,,
7/24/2019,Wednesday,-6.42,Groceries,M&T Debit Card,,
7/24/2019,Wednesday,-4.32,Merchandise,Makeup/Skin Care,M&T Debit Card,
7/24/2019,Wednesday,-2.59,Food,M&T Debit Card,,
7/24/2019,Wednesday,389.65,Direct Deposit,M&T Debit Card,,
7/25/2019,Thursday,-43.31,Merchandise,Clothes,M&T Debit Card,
7/25/2019,Thursday,-30,Food,Chase Debit Card,,
7/25/2019,Thursday,-6.21,Food,Coffee,Discover Credit Card,
7/25/2019,Thursday,-2,Food,Coffee,Discover Credit Card,
7/26/2019,Friday,-43.2,Merchandise,Makeup/Skin Care,M&T Debit Card,
7/26/2019,Friday,-36,Other,Driving,Chase Debit Card,
7/26/2019,Friday,-3,Food,Chase Debit Card,,
7/28/2019,Sunday,-25.22,Food,Discover Credit Card,,
7/28/2019,Sunday,-20.8,Food,Discover Credit Card,,
7/28/2019,Sunday,-4.62,Food,Discover Credit Card,,
7/29/2019,Monday,-50,Food,Chase Debit Card,,
7/29/2019,Monday,-40,Other,Driving,M&T Debit Card,
7/29/2019,Monday,-7.75,Uber/Lyft,Chase Debit Card,,
7/29/2019,Monday,-7.22,Groceries,Chase Debit Card,,
7/29/2019,Monday,-4.53,Food,Coffee,Discover Credit Card,
7/29/2019,Monday,-4.05,Merchandise,Amazon,Discover Credit Card,
7/29/2019,Monday,24.62,Bills,Credit Card,Discover Credit Card,
7/30/2019,Tuesday,-420,Bills,Rent,Chase Debit Card,
7/31/2019,Wednesday,-199.79,Merchandise,Best Buy,Chase Debit Card,
7/31/2019,Wednesday,-24.95,Merchandise,Sub Box,M&T Debit Card,
7/31/2019,Wednesday,-13.44,Merchandise,Makeup/Skin Care,M&T Debit Card,
7/31/2019,Wednesday,-12.95,Merchandise,Makeup/Skin Care,M&T Debit Card,
7/31/2019,Wednesday,-11.82,Merchandise,Amazon,Discover Credit Card,
7/31/2019,Wednesday,-10.32,Uber/Lyft,Chase Debit Card,,
7/31/2019,Wednesday,-10.15,Uber/Lyft,Chase Debit Card,,
7/31/2019,Wednesday,-9.98,Uber/Lyft,Chase Debit Card,,
7/31/2019,Wednesday,-8.42,Food,Coffee,Discover Credit Card,
7/31/2019,Wednesday,-8.09,Food,Chase Debit Card,,
7/31/2019,Wednesday,-3.51,Food,Coffee,Chase Debit Card,
7/31/2019,Wednesday,389.65,Direct Deposit,M&T Debit Card,,
8/1/2019,Thursday,-193.32,Groceries,Discover Credit Card,,
8/1/2019,Thursday,-46.06,Food,Chase Debit Card,,
8/1/2019,Thursday,-17.17,Food,Chase Debit Card,,
8/1/2019,Thursday,-10.8,Merchandise,Sub Box,M&T Debit Card,
8/1/2019,Thursday,-10.06,Uber/Lyft,Chase Debit Card,,
8/1/2019,Thursday,-9.63,Uber/Lyft,Chase Debit Card,,
8/1/2019,Thursday,-7.19,Uber/Lyft,Chase Debit Card,,
8/1/2019,Thursday,-6.97,Uber/Lyft,Chase Debit Card,,
8/1/2019,Thursday,-6.93,Uber/Lyft,Chase Debit Card,,
8/1/2019,Thursday,269.99,Merchandise,Best Buy,Chase Debit Card,
8/2/2019,Friday,-64.75,Groceries,Chase Debit Card,,
8/2/2019,Friday,-26.28,Bills,Rent,Chase Debit Card,
8/2/2019,Friday,-22.68,Merchandise,Sub Box,M&T Debit Card,
8/2/2019,Friday,-22.13,Food,Chase Debit Card,,
8/2/2019,Friday,-18.62,Merchandise,Clothes,M&T Debit Card,
8/2/2019,Friday,-15,Wire Transfer,Chase Debit Card,,
8/2/2019,Friday,-10.64,Food,Chase Debit Card,,
8/2/2019,Friday,-9.02,Food,Discover Credit Card,,
8/2/2019,Friday,-1.95,Bills,Rent,Chase Debit Card,
8/2/2019,Friday,33.56,Bills,Credit Card,Discover Credit Card,
8/2/2019,Friday,2070,Wire Transfer,Chase Debit Card,,
8/3/2019,Saturday,-14,Merchandise,Amazon,Discover Credit Card,
8/5/2019,Monday,-201.56,Groceries,Chase Debit Card,,
8/5/2019,Monday,-36.4,Food,Chase Debit Card,,
8/5/2019,Monday,-29.13,Groceries,Chase Debit Card,,
8/5/2019,Monday,-16.2,Merchandise,Sub Box,M&T Debit Card,
8/5/2019,Monday,-11.18,Merchandise,Amazon,Chase Debit Card,
8/5/2019,Monday,-10,Other,Chase Debit Card,,
8/5/2019,Monday,-9.61,Uber/Lyft,Chase Debit Card,,
8/5/2019,Monday,-9.43,Uber/Lyft,Chase Debit Card,,
8/5/2019,Monday,-8.31,Merchandise,Amazon,Chase Debit Card,
8/5/2019,Monday,-8.31,Merchandise,Amazon,Chase Debit Card,
8/5/2019,Monday,-5.7,Merchandise,Amazon,Chase Debit Card,
8/5/2019,Monday,-5.15,Groceries,Chase Debit Card,,
8/5/2019,Monday,-2.19,Groceries,Chase Debit Card,,
8/5/2019,Monday,-1.61,Merchandise,Amazon,Discover Credit Card,
8/6/2019,Tuesday,-111.38,Groceries,Chase Debit Card,,
8/6/2019,Tuesday,-38.42,Merchandise,Amazon,Chase Debit Card,
8/6/2019,Tuesday,-17.67,Groceries,Chase Debit Card,,
8/6/2019,Tuesday,-13.88,Merchandise,Amazon,Chase Debit Card,
8/6/2019,Tuesday,-10.74,Merchandise,Amazon,Chase Debit Card,
8/7/2019,Wednesday,-1695,Tuition,Chase Debit Card,,
8/7/2019,Wednesday,-420,Bills,Rent,Chase Debit Card,
8/7/2019,Wednesday,-87.89,Groceries,Discover Credit Card,,
8/7/2019,Wednesday,-42,Food,Chase Debit Card,,
8/7/2019,Wednesday,-7.01,Entertainment,Discover Credit Card,,
8/7/2019,Wednesday,20,Direct Deposit,Chase Debit Card,,
8/8/2019,Thursday,-44.4,Bills,Phone,Chase Debit Card,
8/8/2019,Thursday,-0.99,Entertainment,Discover Credit Card,,
8/9/2019,Friday,-4.32,Merchandise,Makeup/Skin Care,M&T Debit Card,
8/9/2019,Friday,-4.15,Food,Chase Debit Card,,
8/9/2019,Friday,-0.27,Food,Chase Debit Card,,
8/12/2019,Monday,-80.62,Groceries,Chase Debit Card,,
8/12/2019,Monday,-47.83,Groceries,Chase Debit Card,,
8/12/2019,Monday,-20.8,Merchandise,Amazon,Chase Debit Card,
8/12/2019,Monday,-4.59,Food,Chase Debit Card,,
8/12/2019,Monday,-4.32,Merchandise,Makeup/Skin Care,M&T Debit Card,
8/12/2019,Monday,5.7,Merchandise,Amazon,Chase Debit Card,
8/13/2019,Tuesday,-21.54,Food,M&T Debit Card,,
8/13/2019,Tuesday,-11.85,Food,Chase Debit Card,,
8/13/2019,Tuesday,-10.8,Merchandise,Makeup/Skin Care,M&T Debit Card,
8/13/2019,Tuesday,-6.25,Merchandise,Amazon,Chase Debit Card,
8/13/2019,Tuesday,-1.83,Food,Chase Debit Card,,
8/14/2019,Wednesday,-30.77,Merchandise,Amazon,Discover Credit Card,
8/14/2019,Wednesday,-16.64,Merchandise,Makeup/Skin Care,M&T Debit Card,
8/14/2019,Wednesday,-3.05,Groceries,M&T Debit Card,,
8/14/2019,Wednesday,747.57,Direct Deposit,M&T Debit Card,,
8/15/2019,Thursday,-12.96,Merchandise,Makeup/Skin Care,M&T Debit Card,
8/15/2019,Thursday,-12.94,Merchandise,Amazon,Discover Credit Card,
8/15/2019,Thursday,-9.09,Merchandise,Amazon,Discover Credit Card,
8/15/2019,Thursday,-8.26,Merchandise,Amazon,Discover Credit Card,
8/16/2019,Friday,-7.23,Entertainment,Discover Credit Card,,
8/19/2019,Monday,-43.19,Merchandise,Clothes,M&T Debit Card,
8/19/2019,Monday,-30.53,Food,Discover Credit Card,,
8/19/2019,Monday,-27,Merchandise,Makeup/Skin Care,M&T Debit Card,
8/19/2019,Monday,8.26,Merchandise,Amazon,Discover Credit Card,
8/20/2019,Tuesday,-47.05,Groceries,Chase Debit Card,,
8/20/2019,Tuesday,-17.82,Food,M&T Debit Card,,
8/20/2019,Tuesday,-5.18,Food,M&T Debit Card,,
8/21/2019,Wednesday,-22.67,Food,Discover Credit Card,,
8/21/2019,Wednesday,-15.53,Merchandise,Amazon,Discover Credit Card,
8/21/2019,Wednesday,389.65,Direct Deposit,M&T Debit Card,,
8/22/2019,Thursday,-12.99,Entertainment,Chase Debit Card,,
8/23/2019,Friday,0.36,Merchandise,Amazon,Chase Debit Card,
8/24/2019,Saturday,-12.95,Merchandise,Amazon,Discover Credit Card,
8/26/2019,Monday,-19.27,Other,Chase Debit Card,,
8/26/2019,Monday,-15,Wire Transfer,Chase Debit Card,,
8/26/2019,Monday,2.75,Merchandise,Amazon,Chase Debit Card,
8/26/2019,Monday,3070,Wire Transfer,Chase Debit Card,,
8/27/2019,Tuesday,-47.48,Groceries,Chase Debit Card,,
8/27/2019,Tuesday,-13.77,Food,Chase Debit Card,,
8/27/2019,Tuesday,-5,Merchandise,Sub Box,M&T Debit Card,
8/28/2019,Wednesday,-93.8,Groceries,M&T Debit Card,,
8/28/2019,Wednesday,-7.59,Merchandise,Amazon,Discover Credit Card,
8/28/2019,Wednesday,-3.27,Merchandise,Amazon,Discover Credit Card,
8/28/2019,Wednesday,389.65,Direct Deposit,M&T Debit Card,,
8/30/2019,Friday,-35.64,Merchandise,Clothes,M&T Debit Card,
8/30/2019,Friday,-25.1,Food,M&T Debit Card,,
8/30/2019,Friday,-15,Groceries,Chase Debit Card,,
8/30/2019,Friday,-13.48,Merchandise,Makeup/Skin Care,M&T Debit Card,
8/30/2019,Friday,9,Merchandise,Amazon,Chase Debit Card,
8/30/2019,Friday,43.19,Merchandise,Clothes,M&T Debit Card,
9/2/2019,Monday,-21.59,Merchandise,Best Buy,Discover Credit Card,
9/2/2019,Monday,-16.71,Food,Discover Credit Card,,
9/2/2019,Monday,-12.76,Merchandise,Best Buy,Discover Credit Card,
9/2/2019,Monday,-8.69,Food,Discover Credit Card,,
9/3/2019,Tuesday,-420,Bills,Rent,Chase Debit Card,
9/3/2019,Tuesday,-52.34,Merchandise,Clothes,M&T Debit Card,
9/3/2019,Tuesday,-37.26,Merchandise,Makeup/Skin Care,M&T Debit Card,
9/3/2019,Tuesday,-24.95,Merchandise,Sub Box,M&T Debit Card,
9/3/2019,Tuesday,-22.86,Merchandise,Sub Box,M&T Debit Card,
9/3/2019,Tuesday,-15.6,Merchandise,Clothes,M&T Debit Card,
9/3/2019,Tuesday,-14.45,Merchandise,Makeup/Skin Care,M&T Debit Card,
9/3/2019,Tuesday,-11.66,Uber/Lyft,Chase Debit Card,,
9/3/2019,Tuesday,-11.31,Food,M&T Debit Card,,
9/3/2019,Tuesday,-10.93,Uber/Lyft,Chase Debit Card,,
9/3/2019,Tuesday,-10.8,Merchandise,Sub Box,M&T Debit Card,
9/3/2019,Tuesday,-4.53,Food,M&T Debit Card,,
9/3/2019,Tuesday,-2.86,Food,M&T Debit Card,,
9/4/2019,Wednesday,-63.72,Entertainment,Chase Debit Card,,
9/4/2019,Wednesday,-33,Merchandise,Clothes,M&T Debit Card,
9/4/2019,Wednesday,-2.04,Food,Coffee,M&T Debit Card,
9/4/2019,Wednesday,-2.04,Food,Coffee,M&T Debit Card,
9/4/2019,Wednesday,0.7,Entertainment,Discover Credit Card,,
9/4/2019,Wednesday,8.31,Merchandise,Amazon,Chase Debit Card,
9/4/2019,Wednesday,8.31,Merchandise,Amazon,Chase Debit Card,
9/4/2019,Wednesday,389.65,Direct Deposit,M&T Debit Card,,
9/5/2019,Thursday,-65,Merchandise,Clothes,M&T Debit Card,
9/6/2019,Friday,-40.39,Groceries,Chase Debit Card,,
9/6/2019,Friday,-26.68,Food,M&T Debit Card,,
9/6/2019,Friday,-16.2,Merchandise,Sub Box,M&T Debit Card,
9/6/2019,Friday,-11.4,Food,M&T Debit Card,,
9/6/2019,Friday,-5.38,Food,M&T Debit Card,,
9/6/2019,Friday,-4.05,Food,Coffee,M&T Debit Card,
9/6/2019,Friday,10.05,Bills,Credit Card,Discover Credit Card,
9/7/2019,Saturday,-244.61,Merchandise,Clothes,Discover Credit Card,
9/8/2019,Sunday,-20.47,Merchandise,Amazon,Discover Credit Card,
9/8/2019,Sunday,-0.99,Entertainment,Discover Credit Card,,
9/9/2019,Monday,-44.4,Bills,Phone,Chase Debit Card,
9/9/2019,Monday,-28.8,Groceries,M&T Debit Card,,
9/9/2019,Monday,-27.02,Merchandise,Clothes,M&T Debit Card,
9/9/2019,Monday,-25,Food,Super Card,Chase Debit Card,
9/9/2019,Monday,-21,Food,M&T Debit Card,,
9/9/2019,Monday,-20.4,Other,Driving,Chase Debit Card,
9/9/2019,Monday,-14.35,Food,M&T Debit Card,,
9/9/2019,Monday,-12.1,Uber/Lyft,Chase Debit Card,,
9/9/2019,Monday,-11.45,Uber/Lyft,Chase Debit Card,,
9/9/2019,Monday,-10.66,Merchandise,Amazon,Discover Credit Card,
9/9/2019,Monday,-7.75,Uber/Lyft,Chase Debit Card,,
9/9/2019,Monday,8.71,Uber/Lyft,Chase Debit Card,,
9/10/2019,Tuesday,-78.28,Merchandise,Amazon,Discover Credit Card,
9/10/2019,Tuesday,-13.6,Merchandise,Amazon,Discover Credit Card,
9/10/2019,Tuesday,-10.96,Food,M&T Debit Card,,
9/11/2019,Wednesday,-7.75,Uber/Lyft,Chase Debit Card,,
9/11/2019,Wednesday,-7.75,Uber/Lyft,Chase Debit Card,,
9/11/2019,Wednesday,203.92,Direct Deposit,M&T Debit Card,,
9/12/2019,Thursday,-25,Food,Starbucks,Chase Debit Card,
9/12/2019,Thursday,-11.37,Food,M&T Debit Card,,
9/12/2019,Thursday,11.18,Merchandise,Amazon,Chase Debit Card,
9/13/2019,Friday,-8.91,Food,M&T Debit Card,,
9/13/2019,Friday,-7.75,Uber/Lyft,Chase Debit Card,,
9/13/2019,Friday,1.66,Merchandise,Amazon,Chase Debit Card,
9/16/2019,Monday,-47.54,Food,M&T Debit Card,,
9/16/2019,Monday,-38.22,Food,M&T Debit Card,,
9/16/2019,Monday,-20.78,Uber/Lyft,Chase Debit Card,,
9/16/2019,Monday,-16.2,Merchandise,Makeup/Skin Care,M&T Debit Card,
9/16/2019,Monday,-10.35,Uber/Lyft,Chase Debit Card,,
9/16/2019,Monday,-9.71,Merchandise,Amazon,Discover Credit Card,
9/16/2019,Monday,-8.2,Entertainment,M&T Debit Card,,
9/16/2019,Monday,-7.75,Uber/Lyft,Chase Debit Card,,
9/17/2019,Tuesday,-28.87,Merchandise,Clothes,M&T Debit Card,
9/17/2019,Tuesday,-25,Food,Super Card,Chase Debit Card,
9/17/2019,Tuesday,-19.42,Food,Discover Credit Card,,
9/17/2019,Tuesday,-15,Wire Transfer,Chase Debit Card,,
9/17/2019,Tuesday,-10.26,Merchandise,Makeup/Skin Care,M&T Debit Card,
9/17/2019,Tuesday,24950,Tuition,Chase Debit Card,,
9/18/2019,Wednesday,-89.81,Groceries,Chase Debit Card,,
9/18/2019,Wednesday,-21.24,Merchandise,Clothes,Discover Credit Card,
9/18/2019,Wednesday,203.92,Direct Deposit,M&T Debit Card,,
9/20/2019,Friday,-19.96,Food,Discover Credit Card,,
9/20/2019,Friday,-14.03,Merchandise,Amazon,Discover Credit Card,
9/20/2019,Friday,-10.56,Uber/Lyft,Chase Debit Card,,
9/20/2019,Friday,-3,Other,Chase Debit Card,,
9/21/2019,Saturday,-916.92,Merchandise,Best Buy,American Express Credit Card,
9/21/2019,Saturday,-214.92,Merchandise,Best Buy,American Express Credit Card,
9/21/2019,Saturday,-62.61,Merchandise,Best Buy,American Express Credit Card,
9/21/2019,Saturday,-51.97,Merchandise,Clothes,American Express Credit Card,
9/21/2019,Saturday,-23.62,Food,Discover Credit Card,,
9/21/2019,Saturday,-19.42,Merchandise,Amazon,American Express Credit Card,
9/21/2019,Saturday,-11.88,Merchandise,Best Buy,American Express Credit Card,
9/21/2019,Saturday,-8.63,Entertainment,American Express Credit Card,,
9/21/2019,Saturday,-4.31,Merchandise,Amazon,American Express Credit Card,
9/21/2019,Saturday,-3.24,Merchandise,Best Buy,American Express Credit Card,
9/21/2019,Saturday,30.22,Merchandise,Best Buy,American Express Credit Card,
9/22/2019,Sunday,-51.13,Food,American Express Credit Card,,
9/23/2019,Monday,-31.2,Merchandise,Clothes,M&T Debit Card,
9/23/2019,Monday,-16.17,Food,M&T Debit Card,,
9/23/2019,Monday,-15.86,Uber/Lyft,Chase Debit Card,,
9/23/2019,Monday,-12.99,Entertainment,Chase Debit Card,,
9/23/2019,Monday,-12.95,Merchandise,Amazon,American Express Credit Card,
9/23/2019,Monday,-11.43,Uber/Lyft,Chase Debit Card,,
9/23/2019,Monday,-10.75,Uber/Lyft,Chase Debit Card,,
9/23/2019,Monday,-5.52,Uber/Lyft,Chase Debit Card,,
9/23/2019,Monday,-0.24,Merchandise,Clothes,M&T Debit Card,
9/23/2019,Monday,0.06,Merchandise,Clothes,M&T Debit Card,
9/23/2019,Monday,0.18,Merchandise,Clothes,M&T Debit Card,
9/23/2019,Monday,5.05,Merchandise,Makeup/Skin Care,M&T Debit Card,
9/23/2019,Monday,31.2,Merchandise,Clothes,M&T Debit Card,
9/24/2019,Tuesday,-23.76,Food,Discover Credit Card,,
9/24/2019,Tuesday,200,Bills,Credit Card,American Express Credit Card,
9/25/2019,Wednesday,-68.5,Groceries,American Express Credit Card,,
9/25/2019,Wednesday,-34.93,Food,Discover Credit Card,,
9/25/2019,Wednesday,-24.3,Food,Discover Credit Card,,
9/25/2019,Wednesday,-12.45,Merchandise,Amazon,American Express Credit Card,
9/25/2019,Wednesday,-7.75,Uber/Lyft,Chase Debit Card,,
9/25/2019,Wednesday,-2.75,Groceries,Discover Credit Card,,
9/25/2019,Wednesday,203.92,Direct Deposit,M&T Debit Card,,
9/26/2019,Thursday,-24.3,Food,Discover Credit Card,,
9/26/2019,Thursday,-13.77,Merchandise,Amazon,American Express Credit Card,
9/26/2019,Thursday,-6.47,Merchandise,Amazon,American Express Credit Card,
9/26/2019,Thursday,-6.15,Merchandise,Amazon,American Express Credit Card,
9/26/2019,Thursday,-5.82,Merchandise,Amazon,American Express Credit Card,
9/27/2019,Friday,-72.53,Merchandise,Clothes,American Express Credit Card,
9/27/2019,Friday,-55.04,Merchandise,Clothes,American Express Credit Card,
9/27/2019,Friday,-27,Merchandise,Makeup/Skin Care,American Express Credit Card,
9/27/2019,Friday,-25,Food,Super Card,Chase Debit Card,
9/27/2019,Friday,-11.3,Food,M&T Debit Card,,
9/27/2019,Friday,-9.72,Merchandise,Makeup/Skin Care,American Express Credit Card,
9/27/2019,Friday,-6.48,Merchandise,Makeup/Skin Care,M&T Debit Card,
9/28/2019,Saturday,-32.16,Merchandise,Makeup/Skin Care,American Express Credit Card,
9/28/2019,Saturday,-5.98,Merchandise,Amazon,American Express Credit Card,
9/28/2019,Saturday,-5.39,Merchandise,Amazon,American Express Credit Card,
9/30/2019,Monday,-27308.44,Tuition,Chase Debit Card,,
9/30/2019,Monday,-420,Bills,Rent,Chase Debit Card,
9/30/2019,Monday,-19.35,Merchandise,Amazon,American Express Credit Card,
9/30/2019,Monday,-16.14,Merchandise,Clothes,American Express Credit Card,
9/30/2019,Monday,-10.35,Uber/Lyft,Chase Debit Card,,
9/30/2019,Monday,-8.63,Merchandise,Amazon,American Express Credit Card,
